<?xml version="1.0" encoding="UTF-8"?>
<!--

    Mule Development Kit
    Copyright 2010-2011 (c) MuleSoft, Inc.  All rights reserved.  http://www.mulesoft.com

    Licensed under the Apache License, Version 2.0 (the "License");
    you may not use this file except in compliance with the License.
    You may obtain a copy of the License at

        http://www.apache.org/licenses/LICENSE-2.0

    Unless required by applicable law or agreed to in writing, software
    distributed under the License is distributed on an "AS IS" BASIS,
    WITHOUT WARRANTIES OR CONDITIONS OF ANY KIND, either express or implied.
    See the License for the specific language governing permissions and
    limitations under the License.

-->

<mule xmlns="http://www.mulesoft.org/schema/mule/core"
      xmlns:xsi="http://www.w3.org/2001/XMLSchema-instance"
      xmlns:spring="http://www.springframework.org/schema/beans"
      xmlns:gss="http://www.mulesoft.org/schema/mule/googlespreadsheet"
      xmlns:http="http://www.mulesoft.org/schema/mule/http"
      xsi:schemaLocation="
        http://www.springframework.org/schema/beans http://www.springframework.org/schema/beans/spring-beans-3.0.xsd
        http://www.mulesoft.org/schema/mule/core http://www.mulesoft.org/schema/mule/core/current/mule.xsd
        http://www.mulesoft.org/schema/mule/http http://www.mulesoft.org/schema/mule/http/3.0/mule-http.xsd
        http://www.mulesoft.org/schema/mule/googlespreadsheet http://www.mulesoft.org/schema/mule/googlespreadsheet/1.0/mule-googlespreadsheet.xsd">

    <gss:config consumerKey="338184803349-oktp3kdscqsr69c51c3qkiu4vo6ec3tc.apps.googleusercontent.com"
    		consumerSecret="-nOKGb-25368mQfvbCBjm-BS">
    	<gss:oauth-callback-config domain="localhost" localPort="${http.port}" remotePort="${http.port}"/>
    </gss:config>

	<flow name="authFlow">
		<http:inbound-endpoint host="localhost" port="${http.port}" path="auth" exchange-pattern="request-response" />
		<gss:authorize />

		<response>
			<message-properties-transformer scope="outbound">
				<add-message-property key="Content-Type" value="text/plain" />
			</message-properties-transformer>
			<expression-transformer evaluator="groovy" expression='return "auth called"' />
		</response>
	</flow>
	
	<flow name="lsitFlow">
		<http:inbound-endpoint host="localhost" port="${http.port}" path="list" exchange-pattern="request-response" />
		<gss:list-documents />

		<response>
			<message-properties-transformer scope="outbound">
				<add-message-property key="Content-Type" value="text/plain" />
			</message-properties-transformer>
			<object-to-string-transformer />
		</response>
	</flow>
	
	<flow name="AppStatusFlow">
        <http:inbound-endpoint exchange-pattern="request-response" host="localhost" port="${http.port}" path="appstatus"/>
		<object-to-string-transformer/>
    </flow>

</mule>
